Workbook

Sheet 使い方
A1: 画像判定 人力テスト 記録シートの使い方
A3: 1. 自分の担当（A/B/C）の行を「記録シート」タブで探す（担当列の色: A=ピンク / B=ブルー / C=グリーン）。
A4: 2. 正解品目・条件どおりに実物を撮影し、りなれす本番Webの「デバイス追加」で判定する。
A5: 3. 画面に出た候補（最大3件）と一致度%を記録し、「この種類で進む」は押さずに ← もどる で退出（登録しない）。
A6: 4. 実施日・手動選択の有無・体感応答時間・気づきを記入。「正解が1位？」「3位以内？」は自動判定。
A7: 5. 「集計」タブで正解率と合否が自動計算される（Day 6 にとりまとめが確認）。
A9: ▼ 撮影条件コード
A10: ① | B10: 正面・明るい・無地に近い背景（基本形）
A11: ② | B11: 斜め45度から
A12: ③ | B12: 近接撮影（画面や一部分のみ）
A13: ④ | B13: 暗い場所
A14: ⑤ | B14: 背景が雑多（散らかった机の上など）
A15: ⑥ | B15: 手に持って撮影
A16: ⑦ | B16: ケース・カバー付き／付属品と一緒
A17: ⑧ | B17: 安定性: 同じ写真で3回連続判定（3行に記録）
A19: ▼ 注意
A20: ・写真に個人情報（人物・住所・書類）を写し込まない。撮った写真はサーバーに保存される。
A21: ・あだ名の先頭に「テスト」を付けたアカウントを使う。
A22: ・明らかに画像と無関係な候補ばかりが出た場合は、備考に「フォールバック疑い」と書く。
A23: ・詳細は同フォルダの「画像判定_人力テスト計画書.md」を参照。

Sheet 記録シート
A1: No | B1: 担当 | C1: 実施日 | D1: 正解品目 | E1: 条件 | F1: 条件の内容 | G1: 候補1位 | H1: 一致度%(1位) | I1: 候補2位 | J1: 候補3位 | K1: 正解が1位？ | L1: 3位以内？ | M1: 手動選択(○) | N1: 体感応答時間 | O1: 備考
A2: 1 | B2: A | D2: スマートフォン | E2: ① | F2: 正面・明るい・無地に近い背景（基本形） | K2: =IF(OR($D2="",$G2=""),"",IF($D2="対象外(非端末)","-",IF($D2=$G2,"○","×"))) | L2: =IF(OR($D2="",$G2=""),"",IF($D2="対象外(非端末)","-",IF(OR($D2=$G2,$D2=$I2,$D2=$J2),"○","×")))
A3: 2 | B3: A | D3: スマートフォン | E3: ② | F3: 斜め45度から | K3: =IF(OR($D3="",$G3=""),"",IF($D3="対象外(非端末)","-",IF($D3=$G3,"○","×"))) | L3: =IF(OR($D3="",$G3=""),"",IF($D3="対象外(非端末)","-",IF(OR($D3=$G3,$D3=$I3,$D3=$J3),"○","×")))
A4: 3 | B4: A | D4: スマートフォン | E4: ③ | F4: 近接撮影（画面や一部分のみ） | K4: =IF(OR($D4="",$G4=""),"",IF($D4="対象外(非端末)","-",IF($D4=$G4,"○","×"))) | L4: =IF(OR($D4="",$G4=""),"",IF($D4="対象外(非端末)","-",IF(OR($D4=$G4,$D4=$I4,$D4=$J4),"○","×")))
A5: 4 | B5: A | D5: スマートフォン | E5: ④ | F5: 暗い場所 | K5: =IF(OR($D5="",$G5=""),"",IF($D5="対象外(非端末)","-",IF($D5=$G5,"○","×"))) | L5: =IF(OR($D5="",$G5=""),"",IF($D5="対象外(非端末)","-",IF(OR($D5=$G5,$D5=$I5,$D5=$J5),"○","×")))
A6: 5 | B6: A | D6: スマートフォン | E6: ⑤ | F6: 背景が雑多（散らかった机の上など） | K6: =IF(OR($D6="",$G6=""),"",IF($D6="対象外(非端末)","-",IF($D6=$G6,"○","×"))) | L6: =IF(OR($D6="",$G6=""),"",IF($D6="対象外(非端末)","-",IF(OR($D6=$G6,$D6=$I6,$D6=$J6),"○","×")))
A7: 6 | B7: A | D7: スマートフォン | E7: ⑥ | F7: 手に持って撮影 | K7: =IF(OR($D7="",$G7=""),"",IF($D7="対象外(非端末)","-",IF($D7=$G7,"○","×"))) | L7: =IF(OR($D7="",$G7=""),"",IF($D7="対象外(非端末)","-",IF(OR($D7=$G7,$D7=$I7,$D7=$J7),"○","×")))
A8: 7 | B8: A | D8: スマートフォン | E8: ⑦ | F8: ケース・カバー付き／付属品と一緒 | K8: =IF(OR($D8="",$G8=""),"",IF($D8="対象外(非端末)","-",IF($D8=$G8,"○","×"))) | L8: =IF(OR($D8="",$G8=""),"",IF($D8="対象外(非端末)","-",IF(OR($D8=$G8,$D8=$I8,$D8=$J8),"○","×")))
A9: 8 | B9: A | D9: ガラケー | E9: ① | F9: 正面・明るい・無地に近い背景（基本形） | K9: =IF(OR($D9="",$G9=""),"",IF($D9="対象外(非端末)","-",IF($D9=$G9,"○","×"))) | L9: =IF(OR($D9="",$G9=""),"",IF($D9="対象外(非端末)","-",IF(OR($D9=$G9,$D9=$I9,$D9=$J9),"○","×")))
A10: 9 | B10: A | D10: ガラケー | E10: ② | F10: 斜め45度から | K10: =IF(OR($D10="",$G10=""),"",IF($D10="対象外(非端末)","-",IF($D10=$G10,"○","×"))) | L10: =IF(OR($D10="",$G10=""),"",IF($D10="対象外(非端末)","-",IF(OR($D10=$G10,$D10=$I10,$D10=$J10),"○","×")))
A11: 10 | B11: A | D11: ガラケー | E11: ③ | F11: 近接撮影（画面や一部分のみ） | K11: =IF(OR($D11="",$G11=""),"",IF($D11="対象外(非端末)","-",IF($D11=$G11,"○","×"))) | L11: =IF(OR($D11="",$G11=""),"",IF($D11="対象外(非端末)","-",IF(OR($D11=$G11,$D11=$I11,$D11=$J11),"○","×")))
A12: 11 | B12: A | D12: ガラケー | E12: ④ | F12: 暗い場所 | K12: =IF(OR($D12="",$G12=""),"",IF($D12="対象外(非端末)","-",IF($D12=$G12,"○","×"))) | L12: =IF(OR($D12="",$G12=""),"",IF($D12="対象外(非端末)","-",IF(OR($D12=$G12,$D12=$I12,$D12=$J12),"○","×")))
A13: 12 | B13: A | D13: ガラケー | E13: ⑤ | F13: 背景が雑多（散らかった机の上など） | K13: =IF(OR($D13="",$G13=""),"",IF($D13="対象外(非端末)","-",IF($D13=$G13,"○","×"))) | L13: =IF(OR($D13="",$G13=""),"",IF($D13="対象外(非端末)","-",IF(OR($D13=$G13,$D13=$I13,$D13=$J13),"○","×")))
... A64: 63 | B64: C | D64: 対象外(非端末) | E64: - | F64: 被写体: コップ | K64: =IF(OR($D64="",$G64=""),"",IF($D64="対象外(非端末)","-",IF($D64=$G64,"○","×"))) | L64: =IF(OR($D64="",$G64=""),"",IF($D64="対象外(非端末)","-",IF(OR($D64=$G64,$D64=$I64,$D64=$J64),"○","×")))
A65: 64 | E65: 自由 | K65: =IF(OR($D65="",$G65=""),"",IF($D65="対象外(非端末)","-",IF($D65=$G65,"○","×"))) | L65: =IF(OR($D65="",$G65=""),"",IF($D65="対象外(非端末)","-",IF(OR($D65=$G65,$D65=$I65,$D65=$J65),"○","×")))
A66: 65 | E66: 自由 | K66: =IF(OR($D66="",$G66=""),"",IF($D66="対象外(非端末)","-",IF($D66=$G66,"○","×"))) | L66: =IF(OR($D66="",$G66=""),"",IF($D66="対象外(非端末)","-",IF(OR($D66=$G66,$D66=$I66,$D66=$J66),"○","×")))
A67: 66 | E67: 自由 | K67: =IF(OR($D67="",$G67=""),"",IF($D67="対象外(非端末)","-",IF($D67=$G67,"○","×"))) | L67: =IF(OR($D67="",$G67=""),"",IF($D67="対象外(非端末)","-",IF(OR($D67=$G67,$D67=$I67,$D67=$J67),"○","×")))
A68: 67 | E68: 自由 | K68: =IF(OR($D68="",$G68=""),"",IF($D68="対象外(非端末)","-",IF($D68=$G68,"○","×"))) | L68: =IF(OR($D68="",$G68=""),"",IF($D68="対象外(非端末)","-",IF(OR($D68=$G68,$D68=$I68,$D68=$J68),"○","×")))
A69: 68 | E69: 自由 | K69: =IF(OR($D69="",$G69=""),"",IF($D69="対象外(非端末)","-",IF($D69=$G69,"○","×"))) | L69: =IF(OR($D69="",$G69=""),"",IF($D69="対象外(非端末)","-",IF(OR($D69=$G69,$D69=$I69,$D69=$J69),"○","×")))
A70: 69 | E70: 自由 | K70: =IF(OR($D70="",$G70=""),"",IF($D70="対象外(非端末)","-",IF($D70=$G70,"○","×"))) | L70: =IF(OR($D70="",$G70=""),"",IF($D70="対象外(非端末)","-",IF(OR($D70=$G70,$D70=$I70,$D70=$J70),"○","×")))
A71: 70 | E71: 自由 | K71: =IF(OR($D71="",$G71=""),"",IF($D71="対象外(非端末)","-",IF($D71=$G71,"○","×"))) | L71: =IF(OR($D71="",$G71=""),"",IF($D71="対象外(非端末)","-",IF(OR($D71=$G71,$D71=$I71,$D71=$J71),"○","×")))
A72: 71 | E72: 自由 | K72: =IF(OR($D72="",$G72=""),"",IF($D72="対象外(非端末)","-",IF($D72=$G72,"○","×"))) | L72: =IF(OR($D72="",$G72=""),"",IF($D72="対象外(非端末)","-",IF(OR($D72=$G72,$D72=$I72,$D72=$J72),"○","×")))
A73: 72 | E73: 自由 | K73: =IF(OR($D73="",$G73=""),"",IF($D73="対象外(非端末)","-",IF($D73=$G73,"○","×"))) | L73: =IF(OR($D73="",$G73=""),"",IF($D73="対象外(非端末)","-",IF(OR($D73=$G73,$D73=$I73,$D73=$J73),"○","×")))
A74: 73 | E74: 自由 | K74: =IF(OR($D74="",$G74=""),"",IF($D74="対象外(非端末)","-",IF($D74=$G74,"○","×"))) | L74: =IF(OR($D74="",$G74=""),"",IF($D74="対象外(非端末)","-",IF(OR($D74=$G74,$D74=$I74,$D74=$J74),"○","×")))
A75: 74 | E75: 自由 | K75: =IF(OR($D75="",$G75=""),"",IF($D75="対象外(非端末)","-",IF($D75=$G75,"○","×"))) | L75: =IF(OR($D75="",$G75=""),"",IF($D75="対象外(非端末)","-",IF(OR($D75=$G75,$D75=$I75,$D75=$J75),"○","×")))
A76: 75 | E76: 自由 | K76: =IF(OR($D76="",$G76=""),"",IF($D76="対象外(非端末)","-",IF($D76=$G76,"○","×"))) | L76: =IF(OR($D76="",$G76=""),"",IF($D76="対象外(非端末)","-",IF(OR($D76=$G76,$D76=$I76,$D76=$J76),"○","×")))
... A79: 78 | E79: 自由 | K79: =IF(OR($D79="",$G79=""),"",IF($D79="対象外(非端末)","-",IF($D79=$G79,"○","×"))) | L79: =IF(OR($D79="",$G79=""),"",IF($D79="対象外(非端末)","-",IF(OR($D79=$G79,$D79=$I79,$D79=$J79),"○","×")))

Sheet 集計
A1: 画像判定 人力テスト 自動集計
A3: ▼ 全体（端末クラスのみ・対象外を除く）
A4: 実施済み判定数 | B4: =COUNTIFS(記録シート!$D$2:$D$79,"<>対象外(非端末)",記録シート!$D$2:$D$79,"<>",記録シート!$G$2:$G$79,"<>") -> 0
A5: Top-1 正解数 | B5: =COUNTIF(記録シート!$K$2:$K$79,"○") -> 0
A6: Top-1 正解率 | B6: =IF(B4=0,"-",B5/B4) -> -
A7: Top-3 正解数 | B7: =COUNTIF(記録シート!$L$2:$L$79,"○") -> 0
A8: Top-3 正解率 | B8: =IF(B4=0,"-",B7/B4) -> -
A9: 判定（Top-1 ≥ 75%） | B9: =IF(B4=0,"未実施",IF(B6>=0.75,"合格","不合格")) -> 未実施
A10: 判定（Top-3 ≥ 90%） | B10: =IF(B4=0,"未実施",IF(B8>=0.9,"合格","不合格")) -> 未実施
A12: ▼ カテゴリ別（Top-1）
A13: 正解品目 | B13: 実施数 | C13: Top-1正解 | D13: Top-1率 | E13: Top-3正解 | F13: Top-3率
A14: スマートフォン | B14: =COUNTIFS(記録シート!$D$2:$D$79,"スマートフォン",記録シート!$G$2:$G$79,"<>") -> 0 | C14: =COUNTIFS(記録シート!$D$2:$D$79,"スマートフォン",記録シート!$K$2:$K$79,"○") -> 0 | D14: =IF(B14=0,"-",C14/B14) -> - | E14: =COUNTIFS(記録シート!$D$2:$D$79,"スマートフォン",記録シート!$L$2:$L$79,"○") -> 0 | F14: =IF(B14=0,"-",E14/B14) -> -
A15: ガラケー | B15: =COUNTIFS(記録シート!$D$2:$D$79,"ガラケー",記録シート!$G$2:$G$79,"<>") -> 0 | C15: =COUNTIFS(記録シート!$D$2:$D$79,"ガラケー",記録シート!$K$2:$K$79,"○") -> 0 | D15: =IF(B15=0,"-",C15/B15) -> - | E15: =COUNTIFS(記録シート!$D$2:$D$79,"ガラケー",記録シート!$L$2:$L$79,"○") -> 0 | F15: =IF(B15=0,"-",E15/B15) -> -
A16: タブレット | B16: =COUNTIFS(記録シート!$D$2:$D$79,"タブレット",記録シート!$G$2:$G$79,"<>") -> 0 | C16: =COUNTIFS(記録シート!$D$2:$D$79,"タブレット",記録シート!$K$2:$K$79,"○") -> 0 | D16: =IF(B16=0,"-",C16/B16) -> - | E16: =COUNTIFS(記録シート!$D$2:$D$79,"タブレット",記録シート!$L$2:$L$79,"○") -> 0 | F16: =IF(B16=0,"-",E16/B16) -> -
A17: デジタルカメラ | B17: =COUNTIFS(記録シート!$D$2:$D$79,"デジタルカメラ",記録シート!$G$2:$G$79,"<>") -> 0 | C17: =COUNTIFS(記録シート!$D$2:$D$79,"デジタルカメラ",記録シート!$K$2:$K$79,"○") -> 0 | D17: =IF(B17=0,"-",C17/B17) -> - | E17: =COUNTIFS(記録シート!$D$2:$D$79,"デジタルカメラ",記録シート!$L$2:$L$79,"○") -> 0 | F17: =IF(B17=0,"-",E17/B17) -> -
A18: 携帯ゲーム機 | B18: =COUNTIFS(記録シート!$D$2:$D$79,"携帯ゲーム機",記録シート!$G$2:$G$79,"<>") -> 0 | C18: =COUNTIFS(記録シート!$D$2:$D$79,"携帯ゲーム機",記録シート!$K$2:$K$79,"○") -> 0 | D18: =IF(B18=0,"-",C18/B18) -> - | E18: =COUNTIFS(記録シート!$D$2:$D$79,"携帯ゲーム機",記録シート!$L$2:$L$79,"○") -> 0 | F18: =IF(B18=0,"-",E18/B18) -> -
A19: その他小型家電 | B19: =COUNTIFS(記録シート!$D$2:$D$79,"その他小型家電",記録シート!$G$2:$G$79,"<>") -> 0 | C19: =COUNTIFS(記録シート!$D$2:$D$79,"その他小型家電",記録シート!$K$2:$K$79,"○") -> 0 | D19: =IF(B19=0,"-",C19/B19) -> - | E19: =COUNTIFS(記録シート!$D$2:$D$79,"その他小型家電",記録シート!$L$2:$L$79,"○") -> 0 | F19: =IF(B19=0,"-",E19/B19) -> -
A21: ▼ 対象外（非端末）の安全性
A22: 実施数 | B22: =COUNTIFS(記録シート!$D$2:$D$79,"対象外(非端末)",記録シート!$G$2:$G$79,"<>") -> 0
A23: 誤検知数（一致度70%以上で端末クラスと判定） | B23: =COUNTIFS(記録シート!$D$2:$D$79,"対象外(非端末)",記録シート!$H$2:$H$79,">=70",記録シート!$G$2:$G$79,"<>その他小型家電",記録シート!$G$2:$G$79,"<>該当なし",記録シート!$G$2:$G$79,"<>") -> 0
A24: 誤検知率 | B24: =IF(B22=0,"-",B23/B22) -> -
A25: 判定（≤ 5%） | B25: =IF(B22=0,"未実施",IF(B24<=0.05,"合格","不合格")) -> 未実施
A27: ▼ 体感応答時間
A28: ～3秒 | B28: =COUNTIF(記録シート!$N$2:$N$79,"～3秒") -> 0
A29: 3～5秒 | B29: =COUNTIF(記録シート!$N$2:$N$79,"3～5秒") -> 0
A30: 5秒以上 | B30: =COUNTIF(記録シート!$N$2:$N$79,"5秒以上") -> 0
A31: 「5秒以上」の割合 | B31: =IF(SUM(B28:B30)=0,"-",B30/SUM(B28:B30)) -> -
A32: 判定（≤ 20%） | B32: =IF(SUM(B28:B30)=0,"未実施",IF(B31<=0.2,"合格","不合格")) -> 未実施
A34: ▼ 安定性（条件⑧: 同一写真3回の候補1位）
A35: テスターA | B35: =IF(COUNTIF(記録シート!G16:G18,"<>")<3,"未実施",IF(AND(記録シート!G16=記録シート!G17,記録シート!G17=記録シート!G18),"ブレなし","ブレあり")) -> 未実施
A36: テスターB | B36: =IF(COUNTIF(記録シート!G37:G39,"<>")<3,"未実施",IF(AND(記録シート!G37=記録シート!G38,記録シート!G38=記録シート!G39),"ブレなし","ブレあり")) -> 未実施
A37: テスターC | B37: =IF(COUNTIF(記録シート!G58:G60,"<>")<3,"未実施",IF(AND(記録シート!G58=記録シート!G59,記録シート!G59=記録シート!G60),"ブレなし","ブレあり")) -> 未実施
